<?xml version="1.0" encoding="utf-8" standalone="yes"?>
<edmx:Edmx Version="1.0" xmlns:edmx="http://schemas.microsoft.com/ado/2007/06/edmx">
	<edmx:DataServices xmlns:m="http://schemas.microsoft.com/ado/2007/08/dataservices/metadata" m:DataServiceVersion="1.0">
		<Schema Namespace="RegistrationModel" xmlns:d="http://schemas.microsoft.com/ado/2007/08/dataservices" xmlns:m="http://schemas.microsoft.com/ado/2007/08/dataservices/metadata" xmlns="http://schemas.microsoft.com/ado/2008/09/edm">

			<EntityType Name="Registration">
				<Key>
					<PropertyRef Name="RegistrationID" />
				</Key>
				<Property Name="RegistrationID" Type="Edm.Int32" Nullable="false" p8:StoreGeneratedPattern="Identity" xmlns:p8="http://schemas.microsoft.com/ado/2009/02/edm/annotation" />
				<Property Name="Name" Type="Edm.String" Nullable="false" MaxLength="60" Unicode="true" FixedLength="false" />
				<Property Name="LinkToBio" Type="Edm.String" Nullable="true" MaxLength="40" Unicode="true" FixedLength="false" />
				<Property Name="Twitter" Type="Edm.String" Nullable="true" MaxLength="40" Unicode="true" FixedLength="false" />
				<Property Name="FridayEvent" Type="Edm.String" Nullable="true" MaxLength="1" Unicode="true" FixedLength="false" />
				<Property Name="SaturdayEvent" Type="Edm.String" Nullable="true" MaxLength="1" Unicode="true" FixedLength="false" />
				<Property Name="Email" Type="Edm.String" Nullable="true" MaxLength="40" Unicode="true" FixedLength="false" />
				<Property Name="Phone" Type="Edm.String" Nullable="true" MaxLength="30" Unicode="true" FixedLength="false" />
				<Property Name="Receipt" Type="Edm.String" Nullable="true" MaxLength="1" Unicode="true" FixedLength="false" />
				<Property Name="Address" Type="Edm.String" Nullable="true" MaxLength="126" Unicode="true" FixedLength="false" />
				<Property Name="Company" Type="Edm.String" Nullable="true" MaxLength="126" Unicode="true" FixedLength="false" />
				
				
			</EntityType>


			<Association Name="NavigationModel.FK_Employees_Resumes">
				<End Role="Resumes" Type="NavigationModel.Resume" Multiplicity="0..1"/>
				<End Role="Employees" Type="NavigationModel.Employee" Multiplicity="1"/>
				<ReferentialConstraint>
					<Dependent Role="Resumes">
						<PropertyRef Name="ResumeID"/>
					</Dependent>
					<Principal Role="Employees">
						<PropertyRef Name="ResumeID"/>
					</Principal>
				</ReferentialConstraint>
			</Association>

			<EntityContainer Name="NavigationEntities" p7:LazyLoadingEnabled="true" m:IsDefaultEntityContainer="true" xmlns:p7="http://schemas.microsoft.com/ado/2009/02/edm/annotation">

				<EntitySet Name="Employees" EntityType="NavigationModel.Employee" />
				<EntitySet Name="Resumes" EntityType="NavigationModel.Resume" />

				<AssociationSet Name="FK_Employees_Resumes" Association="NavigationModel.FK_Employees_Resumes">
					<End EntitySet="Employees" Role="Employees"/>
					<End EntitySet="Resumes" Role="Resumes"/>
				</AssociationSet>

			</EntityContainer>

		</Schema>
	</edmx:DataServices>
</edmx:Edmx>
